{
  "source": "IT/Camera",
  "legislature": 19,
  "sample_count": 12,
  "fetched_at": "2026-02-12T19:38:06.057875Z",
  "avg_text_length": 32941.166666666664,
  "records_with_text": 12
}